headline,date,url,processed_headline,relevance_score,sentiment_score,sentiment_label
Nvidia Inches Closer to Overtaking Apple in Market Value,2024-10-15,https://finnhub.io/api/news?id=e7526ef9652b61cc515156e25ab6742b1208b3c35a26bf5d74216904b5252c03,**nvidia inch closer to overtaking apple in market value**,0,0.34,Positive
Strong Demand for iPhone 16 Pro and Pro Max Drives Lead Times Up,2024-10-15,https://finnhub.io/api/news?id=5f4ba2607bff5b4ca19431d2bf55c4ca73d670aad61af8ecaca6f285337b3a28,**strong demand for iphone 16 pro and pro max drive lead time up**,1,0.4215,Positive
Apple Launches AI-Enhanced iPad Mini with A17 Pro,2024-10-15,https://finnhub.io/api/news?id=66ee12f919df5fcf89633c231f21ea12891766827056177101b6cc19f395fc80,**apple launch aienhanced ipad mini with a17 pro**,0,0.0,Neutral
Bill Gates Saved 'Rival' Apple From Bankruptcy By Investing $150 Million – Steve Jobs Thanked Him Publicly: 'The World's A Better Place',2024-10-15,https://finnhub.io/api/news?id=891f9a4cb4a3f6f571065b18b64a57ab2a362a6c0bba706811d0bb176e5a5d08,**bill gate saved rival apple from bankruptcy by investing 150 million steve job thanked him publicly the world a better place**,1,0.8225,Positive
"Apple stock hits record intraday high, first since July",2024-10-15,https://finnhub.io/api/news?id=d2dc45c57c4ed41eea3c5fb424b250a937df862523fc6214126a87a29f2282b3,**apple stock hit record intraday high first since july**,0,0.0,Neutral
"Apple, IBD Stock Of The Day, Breaks Out After iPad Mini Reveal",2024-10-15,https://finnhub.io/api/news?id=710e7613bd2d7b9148ab4c4d1fe694c47f72d44d7fda786c627d6bf4b6ddb318,**apple ibd stock of the day break out after ipad mini reveal**,0,0.0,Neutral
Apple unveils new iPad Mini with AI capabilities,2024-10-15,https://finnhub.io/api/news?id=dc8d1084dd7dbbc8e4189b77ad1920fc4392a907594cb19cef68f6218b53df6d,**apple unveils new ipad mini with ai capability**,0,0.0,Neutral
Apple launches new iPad mini with AI features,2024-10-15,https://finnhub.io/api/news?id=8657ac0d12298978939105a3bf8886d1e71ed724dc8c97287165dc6f4c1e3ce7,**apple launch new ipad mini with ai feature**,0,0.0,Neutral
Apple announces new iPad mini ‘built for Apple Intelligence’,2024-10-15,https://finnhub.io/api/news?id=0eec50749d2f9c991237718a1cb6db9582ea760dc6c2eac9196304b6a51f2475,**apple announces new ipad mini built for apple intelligence**,0,0.4767,Positive
Apple Stock Hits Record on Optimism AI Will Spur iPhone Sales,2024-10-15,https://finnhub.io/api/news?id=27356333eeff6af70dc3695d9297e4431ed6dc58711ab7ad7c5743fac6209107,**apple stock hit record on optimism ai will spur iphone sale**,0,0.5423,Positive
Apple Introduces a New iPad Mini Ahead of AI Software Launch,2024-10-15,https://finnhub.io/api/news?id=efbb02d895db31015a58bc18dc1e51115c60f1e050745b7d17f6e9d442b31eb8,**apple introduces a new ipad mini ahead of ai software launch**,0,0.0,Neutral
Apple: Investors Betting That 'Things Are Different This Time',2024-10-15,https://finnhub.io/api/news?id=df1f02351542249ea5bc64b00e267711928a7ddfab1402dedc0df9a2ed290c57,**apple investor betting that thing are different this time**,0,0.0,Neutral
Apple introduces powerful new iPad mini built for Apple Intelligence,2024-10-15,https://finnhub.io/api/news?id=d077a770d3683bc1e99f785aad3db8edca2fe66c1043e6638fdbd68539495011,**apple introduces powerful new ipad mini built for apple intelligence**,0,0.7096,Positive
TSMC: The Chip War Is Here And It Could Get Ugly,2024-10-15,https://finnhub.io/api/news?id=d78bcdfeb38110f07bf7ec9c20cb4776e5dcd94ef72c9ffd96198ca61f1cade9,**tsmc the chip war is here and it could get ugly**,2,-0.802,Negative
'Soft landing' optimism spurs broad Wall Street rebound at big banks,2024-10-15,https://finnhub.io/api/news?id=b8e4cf872e163a2e441d4d930c47ddfc30157e7c7f5c6f8394f6ae25584ef1c1,**soft landing optimism spur broad wall street rebound at big bank**,0,0.5423,Positive
Apple Poured $1B A Year Into Its Car Project Before Abandoning It. Tim Cook's Company Now Pulls Plug On Autonomous Vehicle Testing Permit In California: Here's More,2024-10-15,https://finnhub.io/api/news?id=7b38a302d852d25fc77a6e4d906f1449f457a4864320faa1026d70d26ba0c389,**apple poured 1b a year into it car project before abandoning it tim cook company now pull plug on autonomous vehicle testing permit in california here more**,1,-0.3818,Negative
ClearBridge Select Strategy Q3 2024 Commentary,2024-10-15,https://finnhub.io/api/news?id=208805004092c78c1e5fa0283f023539ee261d583a5f5ffc5ce1aa3b54260891,**clearbridge select strategy q3 2024 commentary**,0,0.0,Neutral
Berkshire Hathaway: Is Buffett Sending A Message To The Market With High-Profile Selling?,2024-10-15,https://finnhub.io/api/news?id=5eb5f9548607b9478875b475cbd84e41d8a54994821352be8060f20fa71eeeeb,**berkshire hathaway is buffett sending a message to the market with highprofile selling**,0,0.0,Neutral
BETTER CAMERA AND FUNKY NEW BUTTON KEEP IPHONE ON TOP,2024-10-15,https://finnhub.io/api/news?id=69357cf5ff75c6ca484bc527f8e2c43f10f82fc92d816194abfbef458e589b90,**better camera and funky new button keep iphone on top**,2,0.5106,Positive
Apple's Smartphone Sales Rose in Third Quarter After AI iPhone Launch,2024-10-15,https://finnhub.io/api/news?id=3fdc5961e788f10e73975f3dee87e79019b52cf44bf608a11fd0b34f0b4a2aff,**apple smartphone sale rose in third quarter after ai iphone launch**,0,0.0,Neutral
Apple (AAPL) Exceeds Market Returns: Some Facts to Consider,2024-10-14,https://finnhub.io/api/news?id=39711af753c430975cf436216bc430db4e877cbcee9783797b7ecc577f7490a7,**apple aapl exceeds market return some fact to consider**,0,0.0,Neutral
Nvidia Stock Hits Its Highest Closing Price. The Chip Designer Could Soon Be Worth More Than Apple.,2024-10-14,https://finnhub.io/api/news?id=55896d7fefabf5fdb55210407f56b2adac5e2c18133d349c14ebbd3b181c43a6,**nvidia stock hit it highest closing price the chip designer could soon be worth more than apple**,2,0.2263,Positive
Nvidia Stock Hits Record Closing High on Growing Optimism About AI Demand,2024-10-14,https://finnhub.io/api/news?id=1981f25e35eb15dde6e6d974b679f6d00b1efb00047bc3701fde32a6d6184d1e,**nvidia stock hit record closing high on growing optimism about ai demand**,0,0.5719,Positive
Apple Inc. (AAPL): Most Promising Growth Stock According to Hedge Funds,2024-10-14,https://finnhub.io/api/news?id=6f77210fd363d133f890f440787d814061389256961d32ff8e8d5096fdc6a9ba,**apple inc aapl most promising growth stock according to hedge fund**,1,0.707,Positive
Apple (AAPL): Leading the Pack Among the Most Profitable Tech Stocks Right Now,2024-10-14,https://finnhub.io/api/news?id=8203379e8bf6c03aa5754d77c39fb483ae7d54bdafe56aa80facf3493329fe9e,**apple aapl leading the pack among the most profitable tech stock right now**,0,0.4927,Positive
Why Apple Stock Was Added To 'Tactical Outperform' List Ahead Of Earnings,2024-10-14,https://finnhub.io/api/news?id=95c5951232b339759b68d91e4278656edff59c952f77daaf2afd1b0a6bbbccdb,**why apple stock wa added to tactical outperform list ahead of earnings**,0,0.0,Neutral
Apple Stock Has Stalled. Why This Analyst Calls It a ‘Tactical Outperform.’,2024-10-14,https://finnhub.io/api/news?id=0bf16aeaa2c74eaec0d0fc85e5f058461b3c35169d69d6338cfdeace03461da7,**apple stock ha stalled why this analyst call it a tactical outperform**,0,0.1531,Positive
Apple’s hearing aid software could change how we deal with hearing loss forever,2024-10-14,https://finnhub.io/api/news?id=0767bb861c59e986abe24116e9a15fa6ca04ca40c1fd363a69a9d296be14e6ac,**apple hearing aid software could change how we deal with hearing loss forever**,1,-0.3182,Negative
Is Most-Watched Stock Apple Inc. (AAPL) Worth Betting on Now?,2024-10-14,https://finnhub.io/api/news?id=07334d94e4868c82d3d6a990f1022db9d2b7e957933782bc11f98101617486e7,**is mostwatched stock apple inc aapl worth betting on now**,0,0.2263,Positive
What Wall Street is saying about big banks ahead of earnings,2024-10-14,https://finnhub.io/api/news?id=0a90aef369b714946780a2d884d6d73c6c6a0335548f85664b481fffa3a5c2f0,**what wall street is saying about big bank ahead of earnings**,0,0.0,Neutral
Nvidia Stock Rises. It’s Getting Closer to Catching Apple.,2024-10-14,https://finnhub.io/api/news?id=5759e125fce344b99600f6b5c3e352b6ec3ba5b5d96b8b2f1a9bafcb974323cb,**nvidia stock rise it getting closer to catching apple**,0,0.0,Neutral
10 Information Technology Stocks Whale Activity In Today's Session,2024-10-14,https://finnhub.io/api/news?id=e062f5e3dc1cc7d28eb0bbd7a6e735e1db06a7997b5a16036263067a663dd4fb,**10 information technology stock whale activity in today session**,0,0.0,Neutral
Apple’s (AAPL) Vision Pro Headset Faces App Development Hurdles,2024-10-14,https://finnhub.io/api/news?id=3488e006ffbfc92ab8078d64aea765ae7b8d4fd816d3fed51462b36b1f76b071,**apple aapl vision pro headset face app development hurdle**,0,0.25,Positive
"The One Stock Beating Apple, Nvidia, And Tesla For 24 Years Running",2024-10-14,https://finnhub.io/api/news?id=7c2d31a12fb700136182fdaf178dbae7809ba2d73ccc90d9e999bc894554492f,**the one stock beating apple nvidia and tesla for 24 year running**,1,-0.4588,Negative
SPY: 5 Charts Show How Overvalued The Market Has Become,2024-10-14,https://finnhub.io/api/news?id=3a685f487960e6b450d5ce7f00f5fb8f773eff6ab28cedf9c75d7999d1dd1b0f,**spy 5 chart show how overvalued the market ha become**,0,0.34,Positive
Why Is Berkshire Hathaway Unloading Billions In Stock? A Few Theories,2024-10-14,https://finnhub.io/api/news?id=463f8dfefba1b14e68fe883d0c3ccca5db853af1eabe88332805e136efbf6129,**why is berkshire hathaway unloading billion in stock a few theory**,1,0.0,Neutral
Apple (NASDAQ:AAPL) Stock: What to Expect Before Fiscal Q4 Results,2024-10-14,https://finnhub.io/api/news?id=a0c9382b6f8688a3ee771fa56f76784927a858883d63d9799109780571214c55,**apple nasdaqaapl stock what to expect before fiscal q4 result**,0,0.0,Neutral
Wall Street Lunch:  Trading Volume Lowers With Columbus Day Holiday,2024-10-14,https://finnhub.io/api/news?id=2020bb072732f3a91d0234fc6e66903253f7fe0a814d15d9f554eb3f4bded073,**wall street lunch trading volume lower with columbus day holiday**,0,0.128,Positive
Apple Unusual Options Activity For October 14,2024-10-14,https://finnhub.io/api/news?id=e1d574ab8b4a3760a7d6b7214566263e500f08f909868e285401d38551d664ae,**apple unusual option activity for october 14**,0,0.0,Neutral
Taiwan Semiconductor: Still Dirt Cheap For An AI Stock,2024-10-14,https://finnhub.io/api/news?id=ccbe4d730ea3f7460d15264cf30918bf19a141a8a3e3b1a7acc8be5f5ce3a3e2,**taiwan semiconductor still dirt cheap for an ai stock**,0,-0.34,Negative
Apple Stock: What to Expect Before Fiscal Q4 Results,2024-10-14,https://finnhub.io/api/news?id=4545d6cfcb4bef8f35c7a3a561b9ec24162858a3cff10a81fac44e53283bfe72,**apple stock what to expect before fiscal q4 result**,0,0.0,Neutral
Wall Street Lunch: Apple Named A Tactical Outperform,2024-10-14,https://finnhub.io/api/news?id=3fcbb3888e153c550d1433e94d6042a2cc42692988c3384eb496fa86812b0d99,**wall street lunch apple named a tactical outperform**,0,0.0,Neutral
Qualcomm ticks up as analyst sees 'strong' Snapdragon 8 Gen 4 shipments,2024-10-14,https://finnhub.io/api/news?id=7f105b2add2642631bed84f67d48fb8cccedfd31f037c6cdf5ab287a31001b65,**qualcomm tick up a analyst see strong snapdragon 8 gen 4 shipment**,0,0.5106,Positive
Percentage of investors overweight the magnificent seven names dwindle,2024-10-14,https://finnhub.io/api/news?id=bc0685cc4d079a45b5a37a0ec6fe4a296d3a50a808e34d92fb26863b77c20716,**percentage of investor overweight the magnificent seven name dwindle**,1,0.34,Positive
"Bonds Defy Expectations, Earnings Season Will Be A Tell For AI",2024-10-14,https://finnhub.io/api/news?id=08843ee57c55a4375106509c3952e44e051c1009ea89f9ea4a7d095e226ad4a5,**bond defy expectation earnings season will be a tell for ai**,0,0.0,Neutral
"Morgan Stanley screens for quality cyclicals as economic surprises, yields back upgrade",2024-10-14,https://finnhub.io/api/news?id=6bdf65cd8bd08f82d9672e4282aeae3ab3e9d6a019da357a2f8a746e810f7af1,**morgan stanley screen for quality cyclicals a economic surprise yield back upgrade**,0,0.2732,Positive
2 Warren Buffett Stocks to Buy Hand Over Fist,2024-10-14,https://finnhub.io/api/news?id=b6f9feb2809e829c88b65c1d57acb96ebb0dc25705a203138e393fbb15bbebff,**2 warren buffett stock to buy hand over fist**,0,0.4939,Positive
'Most Widely Hated' Bull Market Reaches 2-Year Milestone: Top 20 S&P 500 Stocks Driving The Rally,2024-10-14,https://finnhub.io/api/news?id=471a951c1d26ce9fc32f071f5401145ce4df61078808cf9c6fffaaa3c8bfd8d6,**most widely hated bull market reach 2year milestone top 20 sp 500 stock driving the rally**,0,-0.5542,Negative
ClearBridge Appreciation ESG Strategy Q3 2024 Commentary,2024-10-14,https://finnhub.io/api/news?id=c15eb8122447f5ee5caf7a72ea55bbdc5176d39dc9fecf62e1b5212d1cdb0821,**clearbridge appreciation esg strategy q3 2024 commentary**,0,0.5106,Positive
Google: Buy Before Earnings (Rating Upgrade),2024-10-14,https://finnhub.io/api/news?id=d441f1300c289e781d847cc7ed9549f147cc7f0b5aec5e21bb9ef6bf23e16925,**google buy before earnings rating upgrade**,0,0.0,Neutral
Apple: Lock In Gains Before They Evaporate,2024-10-14,https://finnhub.io/api/news?id=6dfe459292961259615238165e887810cf340b260af2b4417c81dbd8dc61d0a8,**apple lock in gain before they evaporate**,0,0.5267,Positive
"Want to Buy Nvidia, Microsoft, and Apple? Consider This Vanguard Growth ETF",2024-10-14,https://finnhub.io/api/news?id=310377de6673920c429b11a9b4a20692ab6a20588a8af120fd13bec25fc78bea,**want to buy nvidia microsoft and apple consider this vanguard growth etf**,1,0.4404,Positive
Wall Street Anticipates a 40% Profit Surge for TSMC (NYSE:TSM) in Q3,2024-10-14,https://finnhub.io/api/news?id=a7fa4e1030a94fec5a295edde5b9994dd89b0db5912652e1d7570551745ddbf5,**wall street anticipates a 40 profit surge for tsmc nysetsm in q3**,0,0.4404,Positive
"Morning Brew: Uber Surges as Tesla Stumbles, SoFi's $2B Loan Deal, and Broadcom's AI Ambitions",2024-10-14,https://finnhub.io/api/news?id=ce347167143de0eba958951827e736b855bd47ac1e69f152083ea10feb3bca4e,**morning brew uber surge a tesla stumble sofis 2b loan deal and broadcoms ai ambition**,1,0.0,Neutral
Apple added to Evercore's Tactical Outperform list amid low expectations,2024-10-14,https://finnhub.io/api/news?id=274a5cd2388bf4f7e88dd2faad21dc4f1bd111dbd5b3afd0fbeb1ae58bc1882e,**apple added to evercores tactical outperform list amid low expectation**,0,-0.2732,Negative
Wall Street Breakfast: Eventually Mars,2024-10-14,https://finnhub.io/api/news?id=0b6aec13a590f0789f451c750d9ec14f5e47a165984d2508db448a49a735e1a1,**wall street breakfast eventually mar**,0,0.0,Neutral
The Art of Valuation: Discovering Apple Inc's Intrinsic Value,2024-10-14,https://finnhub.io/api/news?id=534f3fa71f23e2ab5d4a22ceb1bdee431cf097d939c56e06ef8c357ba7d721c6,**the art of valuation discovering apple inc intrinsic value**,0,0.34,Positive
JPMorgan iPhone 16 tracker suggests improving momentum and mix,2024-10-14,https://finnhub.io/api/news?id=45c4c0bb5ff0f3f87673b3ff29db916455a4591540360420d3f8f971658daac9,**jpmorgan iphone 16 tracker suggests improving momentum and mix**,1,0.4215,Positive
Apple added to 'Tactical Outperform' list at Evercore ISI ahead of earnings,2024-10-14,https://finnhub.io/api/news?id=fcbc28052c2b058d4d06299f922469a7d6d3ab8d5615281eee9e81e1ee37b9c6,**apple added to tactical outperform list at evercore isi ahead of earnings**,0,0.0,Neutral
"Apple could release Vision headset without EyeSight feature, Bloomberg reports",2024-10-14,https://finnhub.io/api/news?id=2d8f234b23394770089b12623e588dae2d41d3882a7ee3d3611b7d06f3172a29,**apple could release vision headset without eyesight feature bloomberg report**,2,0.25,Positive
Nvidia (NASDAQ:NVDA) Stock Closes at All-Time High,2024-10-14,https://finnhub.io/api/news?id=45918ea387d5464abf8b84992830a61e9fed4f1c5e04f8dd700c543b0f685efa,**nvidia nasdaqnvda stock close at alltime high**,0,0.0,Neutral
"AI in Financial Services Poses Stability Risks, Warns Indian Central Bank",2024-10-14,https://finnhub.io/api/news?id=51427a412d92e11678c7a1045e6e235704dad5af930142cb0a714c023279698a,**ai in financial service pose stability risk warns indian central bank**,0,-0.3612,Negative
"Analysts’ Top Technology Picks: HubSpot (HUBS), Apple (AAPL)",2024-10-14,https://finnhub.io/api/news?id=aeea56dcdd81f4ed8898e7a982c364f9e8d0c11175612b6ab39df639c95f0f85,**analyst top technology pick hubspot hub apple aapl**,0,0.2023,Positive
Taiwan Semiconductor Eyes $23B in Q3 Revenue as AI Demand Soars,2024-10-14,https://finnhub.io/api/news?id=38e2819c1138f910ef50a0bbd392664b638c28637c5cfc783ba3573656a7b2f5,**taiwan semiconductor eye 23b in q3 revenue a ai demand soar**,0,-0.128,Negative
QQQ: The Earnings Season Could Burst The Bubble,2024-10-13,https://finnhub.io/api/news?id=33c8db6618d3587a668c0ca04f246b37270594337688cf13a8d34a94ec781ce3,**qqq the earnings season could burst the bubble**,1,0.0,Neutral
Apple Inc. (AAPL): Hedge Funds Are Bullish On This Profitable Blue Chip Stock Right Now,2024-10-13,https://finnhub.io/api/news?id=ea5f8f2a1ad06f8ff97436f9bc38e97d2784eeb4414dc3429e59571d253e94bf,**apple inc aapl hedge fund are bullish on this profitable blue chip stock right now**,0,0.5228,Positive
"Apple Inc. (AAPL): Piper Sandler Maintains Neutral Rating, Teen Survey Shows Moderate Upgrade Expectations",2024-10-13,https://finnhub.io/api/news?id=008d8216036a57feaa9b8b640988ef09abba3c96d3a8d965840f9cbe45ec7465,**apple inc aapl piper sandler maintains neutral rating teen survey show moderate upgrade expectation**,0,0.0,Neutral
Should You Buy Apple Stock Before Oct. 28?,2024-10-13,https://finnhub.io/api/news?id=80543eadb393db6e827fa6078b3fab044c65b8cdf6cfb2430677a561907ca41c,**should you buy apple stock before oct 28**,1,0.0,Neutral
"Apple Headset Stalls, Struggles to Attract Killer Apps in First Year",2024-10-13,https://finnhub.io/api/news?id=04a26a8defbb0ac937f234a255a297cdc5731dde0de240651740fb10b29dba09,**apple headset stall struggle to attract killer apps in first year**,0,-0.7096,Negative
"BST: A Growth Fund For The Income Investors, 8.3% Yield",2024-10-13,https://finnhub.io/api/news?id=8dd54732a594e13060ef9ef7111f987c3dfa6b8ac20dc109ad70b0cbb27c7968,**bst a growth fund for the income investor 83 yield**,0,0.3818,Positive
Apple's Low-Cost Vision Pro Could Hit The Shelves Next Year — Everything You Need To Know About iPhone Maker's Plan To Challenge Meta,2024-10-13,https://finnhub.io/api/news?id=97134485a4689a1b67cc6f9c7d016c06b7db198f4bd0d56e333760712dbc1748,**apple lowcost vision pro could hit the shelf next year everything you need to know about iphone maker plan to challenge meta**,1,0.3182,Positive
Apple (AAPL) Halts Autonomous Vehicle Testing in California,2024-10-13,https://finnhub.io/api/news?id=b17f3f479fa1857536836dcef9d2ada4db2865816e9798c07adb3cdf35ecf815,**apple aapl halt autonomous vehicle testing in california**,0,0.0,Neutral
"Meet the Stock-Split Stock That Soared 10,720% Over the Past 15 Years. Now, It's Poised to Join Apple, Nvidia, Microsoft, Alphabet, Amazon, and Meta in the $1 Trillion Club",2024-10-13,https://finnhub.io/api/news?id=925158983c511b815c80964d2ef48a91b878d7b70354b7e9945a808431bbba10,**meet the stocksplit stock that soared 10720 over the past 15 year now it poised to join apple nvidia microsoft alphabet amazon and meta in the 1 trillion club**,1,0.5994,Positive
"What's the Best ""Magnificent Seven"" Stock to Buy if Trump Wins in November?",2024-10-13,https://finnhub.io/api/news?id=f843d4918da5ec3ece019cb7d2b7be89f7eec236f3b2bbfaa7a1ab19584a5ca2,**whats the best magnificent seven stock to buy if trump win in november**,2,0.9169,Positive
Trading Strategy Update: Holding Long Positions On Stocks & Indices With Bullish Bias,2024-10-13,https://finnhub.io/api/news?id=3ffe883c21e0a3bedb7b036f3bd7e608f76044e617c24d77d551d14668c5e159,**trading strategy update holding long position on stock index with bullish bias**,0,-0.1027,Negative
A Google Breakup Could Be Coming. Is Alphabet Stock a Buy?,2024-10-13,https://finnhub.io/api/news?id=34048a11990519914c754fb55d95c4653a1dbe93c005d3521ff8485cec8db9c3,**a google breakup could be coming is alphabet stock a buy**,1,0.0,Neutral
"Czech National Bank Bought Up Palantir, Nvidia, Apple, and Berkshire Stock",2024-10-13,https://finnhub.io/api/news?id=39cb23084bdfcb228bd8c0bb20055fcabb55565d4830f38007dd8587779b4a40,**czech national bank bought up palantir nvidia apple and berkshire stock**,1,0.0,Neutral
"If I Were To Start Investing Today, This Is What I Would Do With $100,000",2024-10-13,https://finnhub.io/api/news?id=27b4339a0fef4f121f42ced921d1b27acca93efcd2b96c3f6999ac78f05162e2,**if i were to start investing today this is what i would do with 100000**,1,0.0,Neutral
Apple might release cheaper Vision headset as early as next year: report,2024-10-13,https://finnhub.io/api/news?id=d147de5e3e97c208ed979e69f42a2fc9c81615aca9926771cc670bbf7ba72ce4,**apple might release cheaper vision headset a early a next year report**,1,0.25,Positive
Hedge Funds Accelerate U.S. Stock Purchases Amid Sector-Specific Inflows,2024-10-13,https://finnhub.io/api/news?id=4e4454f125ac9f48be0f5171078f1821b6e24442a7b8362d288eea7f5ac8c902,**hedge fund accelerate u stock purchase amid sectorspecific inflow**,0,0.0,Neutral
Box Office Battle: Slasher pic â????Terrifier 3â???? wins weekend with $18.2M debut,2024-10-13,https://finnhub.io/api/news?id=5ebb17a747890067fb7836f45220076694b9cca58b1640b5f59b0a241234dba2,**box office battle slasher pic âterrifier 3â win weekend with 182m debut**,0,0.296,Positive
The S&P 500 And Nasdaq Are At A Big Turning Point,2024-10-13,https://finnhub.io/api/news?id=f49440a0e007e08470b0f37c75bebc2f0bcc393d97872679a06ab2feb216c49e,**the sp 500 and nasdaq are at a big turning point**,1,0.0,Neutral
"The 7 Largest Companies - Sunday, Oct. 13",2024-10-13,https://finnhub.io/api/news?id=7c6fe4d1b73f896d432b7c7a8a31c259bab5a2eb3086195dcb56181b10572c95,**the 7 largest company sunday oct 13**,0,0.0,Neutral
"Berkshire Hathaway: Buy, Sell, or Hold?",2024-10-12,https://finnhub.io/api/news?id=c269a1672464f51942dfa1a922652c32881b10f79dad8dfb13ff8fd5da87058f,**berkshire hathaway buy sell or hold**,1,0.0,Neutral
This week in Bidenomics: The 'election trade' is on,2024-10-12,https://finnhub.io/api/news?id=413b3d59ad0da24e42b2769f1b1657b3c53ed4c8387cf8746a113070c845455e,**this week in bidenomics the election trade is on**,0,0.0,Neutral
Prediction: Meta Platforms Will Be Worth More Than Alphabet and Amazon by 2026,2024-10-12,https://finnhub.io/api/news?id=7c5dc52d40ec308e67529649cfa8ae21e16b7bd0e9f7665287a0c985e54877ba,**prediction meta platform will be worth more than alphabet and amazon by 2026**,2,0.3818,Positive
"Apple Inc. (AAPL) Set to Launch iOS 18.1 and Apple Intelligence, Shifting from Annual Upgrade Cycle Amid Concerns Over iPhone Demand",2024-10-12,https://finnhub.io/api/news?id=4344cfa8b5d452704b452766f2d2176326cd3d6e1e9b2de7cfadf3e8de77b02f,**apple inc aapl set to launch io 181 and apple intelligence shifting from annual upgrade cycle amid concern over iphone demand**,1,0.3818,Positive
"1 Artificial Intelligence (AI) Stock-Split Stock Set to Join Nvidia, Apple, Microsoft, Amazon, Alphabet, and Meta in the $1 Trillion Club",2024-10-12,https://finnhub.io/api/news?id=daf71d3eb5a0f041ff9512a00750a35ec44e4595496a22348024a741c4c020f4,**1 artificial intelligence ai stocksplit stock set to join nvidia apple microsoft amazon alphabet and meta in the 1 trillion club**,1,0.7184,Positive
Google Stock: This Dip Is A Gift Before Q3 Earnings,2024-10-12,https://finnhub.io/api/news?id=e9f197405a397f0dea69966c0ca5f6131473768bb264d029310fa77f6c0079d8,**google stock this dip is a gift before q3 earnings**,0,0.4404,Positive
8 Dividend Stocks On My Buy List As Inflation Keeps Dropping,2024-10-12,https://finnhub.io/api/news?id=e03fd84501c0ed9a208e655c2de46ebd3f83c18f5694bea8b1f60b6dd0f71c76,**8 dividend stock on my buy list a inflation keep dropping**,0,0.0,Neutral
Apple’s permit for self-driving vehicles reportedly cancelled,2024-10-12,https://finnhub.io/api/news?id=d3b24d8787045d604c19380fbdbdd0649189595848ae04038c918887d6ec46a6,**apple permit for selfdriving vehicle reportedly cancelled**,1,-0.25,Negative
Tim Cook-Led Apple Accused By NLRB Of Restricting Employee Advocacy On Social Media: 2nd Complaint Against iPhone-maker This Month,2024-10-12,https://finnhub.io/api/news?id=3299e174ae88d5ef53785a633886936300c5f8314d2a0f6278d8f17e8a37007e,**tim cookled apple accused by nlrb of restricting employee advocacy on social medium 2nd complaint against iphonemaker this month**,0,-0.7184,Negative
Why Affirm Holdings Stock Leaped 12% Higher Today,2024-10-11,https://finnhub.io/api/news?id=6c2ca10fcaed6a3307b21cff3c2527e70fad55d05cc85f8feade012070b062f5,**why affirm holding stock leaped 12 higher today**,0,0.0,Neutral
Apple Launches Largest Overseas R&D Lab in Shenzhen Amid Growing Competition from Huawei,2024-10-11,https://finnhub.io/api/news?id=f47994b9e3e6705aff0203e32c9a8ae9e0268882123acadd4ad9dce789d5be2c,**apple launch largest overseas rd lab in shenzhen amid growing competition from huawei**,0,0.1779,Positive
Amazon Is Firing On All Cylinders,2024-10-11,https://finnhub.io/api/news?id=a8da112c8bd57e17b38d0760275bb8fad35a35e909ff0c1571664f33e45c99a8,**amazon is firing on all cylinder**,0,-0.1779,Negative
China Probes Taiwan Staff at iPhone City for Alleged Bribery,2024-10-11,https://finnhub.io/api/news?id=0ba5402c1b9839cafa069a45dffe9c20f5b5101a0827aad4d8c9fb7514604db3,**china probe taiwan staff at iphone city for alleged bribery**,0,0.0,Neutral
Analysts Note an ‘Unexpected’ Positive Development on Apple (AAPL) iPhone 16 Demand Trends,2024-10-11,https://finnhub.io/api/news?id=ce8d26bab6127fb6835ed33e9eb0783555af9922e4a4b55000872c3addb3cba1,**analyst note an unexpected positive development on apple aapl iphone 16 demand trend**,1,0.4767,Positive
Apple CEO Tim Cook Sold Out Over $50 Million in Stock Amid Performance Evaluations,2024-10-11,https://finnhub.io/api/news?id=6c82e94d3642a2b201901ac26183fe124a249df0b149e2e5d7b250f769b6e03f,**apple ceo tim cook sold out over 50 million in stock amid performance evaluation**,0,0.0,Neutral
Google Could Lose Exclusivity Deals. Citi Says Apple Will Be Fine Without Them.,2024-10-11,https://finnhub.io/api/news?id=b82d21b0ff76165dc4e1decd905cb4b267b37ab70038cf72c0112627c3f85502,**google could lose exclusivity deal citi say apple will be fine without them**,2,-0.2263,Negative
"Apple accused of restricting workers' Slack, social media use by US labor board",2024-10-11,https://finnhub.io/api/news?id=72d629ff76da75d44c30607aed0ce8a2ff797b3f47ef8f493ec07692aa7a04f1,**apple accused of restricting worker slack social medium use by u labor board**,0,-0.5859,Negative
"Market Chatter: Google, Apple Asked by Indonesia to Remove Temu From App Stores",2024-10-11,https://finnhub.io/api/news?id=53e81d4bd3c067bf6f38e67a0a6093e429d3b59c74e2154b763a852c2e5d6853,**market chatter google apple asked by indonesia to remove temu from app store**,0,0.0,Neutral
AI 'Godfather' Yoshua Bengio: We're 'creating monsters more powerful than us',2024-10-11,https://finnhub.io/api/news?id=0e77d5a66feea11ecef8d7933f35249c71ca05feaefa54bd42b74a7a46fc4742,**ai godfather yoshua bengio were creating monster more powerful than u**,1,0.6478,Positive
Prediction: 3 Stocks That'll Be Worth More Than Apple 5 Years From Now,2024-10-11,https://finnhub.io/api/news?id=51b383c11e1f2782fa995f5f0a59669149d6b4c77d315ee7daedfd318bc09bd7,**prediction 3 stock thatll be worth more than apple 5 year from now**,1,0.2263,Positive
Tesla lower after 'underwhelming' robotaxi launch event: Morning Buzz,2024-10-11,https://finnhub.io/api/news?id=6f3fc49167ad4dc323ca271b9a08c45beac72159832e39b1fb3fb3c8771111cd,**tesla lower after underwhelming robotaxi launch event morning buzz**,0,-0.296,Negative
Apple Intelligence features can also summarize breakup texts for you,2024-10-11,https://finnhub.io/api/news?id=4e666d1e86010f5672bb97ba6b9b1a1bc930ac593899beb497aeb57f8e2b3bd7,**apple intelligence feature can also summarize breakup text for you**,0,0.4767,Positive
"Indonesia asks Apple, Google to block China's Temu to protect small merchants",2024-10-11,https://finnhub.io/api/news?id=f49b1c174cdfb3d359ddbd6c0c6b9b2a6354444cf38d79c9d017ce0030357345,**indonesia asks apple google to block china temu to protect small merchant**,0,-0.0772,Negative
Steven Cohen's Strategic Acquisition of Inhibikase Therapeutics Shares,2024-10-11,https://finnhub.io/api/news?id=7bd48e8c3e07c9e115e19c4c9a13fef73b86ead2f729d3248c32afb39120827a,**steven cohens strategic acquisition of inhibikase therapeutic share**,0,0.296,Positive
End Of An Era? Apple's 16-year-Old Accessory Is Out Of Stock Worldwide,2024-10-11,https://finnhub.io/api/news?id=67695326b8905858b90c7dbfaf61f69dce9bdf46e88045c3c660466f1713c15f,**end of an era apple 16yearold accessory is out of stock worldwide**,0,0.0,Neutral
Apple gets ‘most extensive’ lab in China amid stiff competition  - report,2024-10-11,https://finnhub.io/api/news?id=1d47882f4c7661e1bf4eecba648d2cc0593d0c83d26a1b362b90b9e4d31cff46,**apple get most extensive lab in china amid stiff competition report**,0,0.0,Neutral
"Humanoid Robots May Be Biggest Product Ever, Sell The News On Tesla's We, Robot And AMD's AI Event",2024-10-11,https://finnhub.io/api/news?id=4abebec88dfecd92e41162c93024f98654ce6f5ed7a4ae28505bfdf2a992ee2c,**humanoid robot may be biggest product ever sell the news on tesla we robot and amd ai event**,2,0.0,Neutral
"Jefferies Downgrades Apple Inc. (AAPL) to Hold, Citing Need for Smartphone Hardware Overhaul Before AI Integration",2024-10-11,https://finnhub.io/api/news?id=0e5c849f3b2ac2dc451ea916fb24da6054bc8a549b2ba3dd446f71a07c97c1fd,**jefferies downgrade apple inc aapl to hold citing need for smartphone hardware overhaul before ai integration**,0,0.0,Neutral
Follow The Smart Money,2024-10-11,https://finnhub.io/api/news?id=7e302125b85c00f772f9a9ad6456ebf7bc5831d153fbe739a1a9ccc65b09a2f7,**follow the smart money**,0,0.4019,Positive
"This Is the One Stock Warren Buffett Keeps Buying, Regardless of Valuation",2024-10-11,https://finnhub.io/api/news?id=bd888202bf9a9363f2d89adb61aee697327fa5da4c996264574aac052f4c2266,**this is the one stock warren buffett keep buying regardless of valuation**,0,0.0,Neutral
1 Unstoppable Vanguard ETF to Buy During the S&P 500 Bull Market,2024-10-11,https://finnhub.io/api/news?id=b1d5259f9265f6637df244fba77d0222d6b002c9b1232d980ec6b68b901294a2,**1 unstoppable vanguard etf to buy during the sp 500 bull market**,0,-0.2023,Negative
"U.S. Producer Prices Steady in September, Signaling Inflation Progress",2024-10-11,https://finnhub.io/api/news?id=d2bb193ebcf5df9448251a439e3f182caba912d5586d41ca9d003a6bff2a1053,**u producer price steady in september signaling inflation progress**,0,0.4215,Positive
Kingdom Capital Advisors Q3 2024 Investor Letter,2024-10-11,https://finnhub.io/api/news?id=70549edd84e156941915325daf2088295c0d40643a8b743ac9b84d531731a973,**kingdom capital advisor q3 2024 investor letter**,0,0.0,Neutral
Should You Buy Apple Stock Now or Wait for a Dip?,2024-10-11,https://finnhub.io/api/news?id=f295f8c8cf9a95d482a11d312bc77f61bd7eaf05b41ab18e7d97fd87e39c182b,**should you buy apple stock now or wait for a dip**,2,0.0,Neutral
"Meet the Unstoppable Growth Stock That Could Join Apple, Nvidia, and Microsoft in the $3 Trillion Club by 2029",2024-10-11,https://finnhub.io/api/news?id=308cbd87628764082169dbb51e40da0770adb384e64be1ad37c19a63438a1f82,**meet the unstoppable growth stock that could join apple nvidia and microsoft in the 3 trillion club by 2029**,2,0.4588,Positive
How Investing Pros Are Playing the Magnificent 7 Now,2024-10-11,https://finnhub.io/api/news?id=5da84a09f4244a5c43dc83d725292908f965fb2bd7b22bd55f472c893f9f1034,**how investing pro are playing the magnificent 7 now**,1,0.6908,Positive
"2 Small Cap, Growing BDCs That Could Be Great Income Additions To Your Portfolio",2024-10-11,https://finnhub.io/api/news?id=11e23c1525c8be3d7e1d20383037ae8e9addc8d026f2d4d5c6c353738a360a55,**2 small cap growing bdcs that could be great income addition to your portfolio**,2,0.7003,Positive
Qorvo dips as Morgan Stanley cuts rating on 'limited upside',2024-10-11,https://finnhub.io/api/news?id=be35c039378ab27fb8277c15048fad168d2d616fae44d4f2b5b071c5180f2b31,**qorvo dip a morgan stanley cut rating on limited upside**,0,-0.4588,Negative
Prediction: Here Is What Apple Might Do to Catch Up in the Artificial Intelligence (AI) Revolution,2024-10-11,https://finnhub.io/api/news?id=001872aae7c6902b32c78d28d95681e76f49a07a52cc2fd364f00d2e0c7e3daa,**prediction here is what apple might do to catch up in the artificial intelligence ai revolution**,1,0.4767,Positive
MILLENNIUM MANAGEMENT LLC Acquires Shares in AMC Networks Inc,2024-10-11,https://finnhub.io/api/news?id=7d7b4ec2beb4e76b4323009ab464eb86d0662c9bd3274f1e35d21b4cd4a06039,**millennium management llc acquires share in amc network inc**,0,0.296,Positive
"Market Today: CVS Exits Infusion Services, Tesla's Robot Controversy, Pfizer's FDA Approval",2024-10-11,https://finnhub.io/api/news?id=8cc205687e0891f948546b13c50222afcb03e9e701caacf96a7a0c6d3829eabd,**market today cv exit infusion service tesla robot controversy pfizers fda approval**,0,0.4767,Positive
"Amazon adding Apple TV+ to Channels store for streaming, Bloomberg reports",2024-10-11,https://finnhub.io/api/news?id=4125d6973e7eda3bfb00432701ece9dfb061a56021d1c0281abcb3632d983213,**amazon adding apple tv to channel store for streaming bloomberg report**,0,0.1779,Positive
One Tech Tip: Here's what you need to do before and after your phone is stolen or lost,2024-10-11,https://finnhub.io/api/news?id=a2f5b985e72d3c3880dc8c3c7dda57a49f9c7137ff1cbce1db8f986a1ceaf1a0,**one tech tip here what you need to do before and after your phone is stolen or lost**,2,-0.6705,Negative
Apple Card Slashes Savings Account Interest For 3rd Time Following Fed's Decisions: Here's What You Need To Know,2024-10-11,https://finnhub.io/api/news?id=1599e47fe7bc099669896cd5dc9f7b695af68d457a8ad6b8f4b238cd420466a4,**apple card slash saving account interest for 3rd time following fed decision here what you need to know**,0,0.2263,Positive
"Apple said to restrict workers' Slack, social media usage",2024-10-11,https://finnhub.io/api/news?id=f0c13d06c09dca8eae99425443b5fb574dc45fc5e4a82ea441f7d9a8c65c15e8,**apple said to restrict worker slack social medium usage**,0,-0.3818,Negative
iOS 18 Users To Benefit From Richer Even Tickets In Apple Wallet After Ticketmaster Announces Support,2024-10-11,https://finnhub.io/api/news?id=8a18da7b063555162f903ccaebb097be6b91d0d444fd23cbb60525a2356c8b18,**io 18 user to benefit from richer even ticket in apple wallet after ticketmaster announces support**,0,0.8442,Positive
Veteran investor connects with Taiwan Semiconductor after sales,2024-10-11,https://finnhub.io/api/news?id=824f917de1858d22b2d069a0bceaf7ff29ca5a12e4f841a9c332563fa04b3556,**veteran investor connects with taiwan semiconductor after sale**,0,0.0,Neutral
Is Apple Inc. (NASDAQ:AAPL) The Most Popular Stock Among Mutual Funds According To Goldman Sachs?,2024-10-10,https://finnhub.io/api/news?id=830a28e313278d70a4e3f2d40e938b4796ddbd2bcd6db4001b354ca7041b45f0,**is apple inc nasdaqaapl the most popular stock among mutual fund according to goldman sachs**,0,0.4754,Positive
"Jeff Bezos-Led Amazon Almost Ran Out Of Cash 24 Years Ago. At $400B, It Is Now Projected To Have As Much Cash As Apple And Microsoft Combined By 2027: Here's More",2024-10-10,https://finnhub.io/api/news?id=c799c529be36965612c435c022efd7996425bdda9e1042ffc0aada644b92228e,**jeff bezosled amazon almost ran out of cash 24 year ago at 400b it is now projected to have a much cash a apple and microsoft combined by 2027 here more**,3,0.1779,Positive
Apple: High Valuation Does Not Account For The Risks,2024-10-10,https://finnhub.io/api/news?id=415af33a105481f4b1ed4c0d617b014baa7310dc3e0ab6eea74b4df038dc4726,**apple high valuation doe not account for the risk**,1,-0.2732,Negative
Apple CEO Tim Cook Just Sold $50 Million of Stock. It’s Part of a Two-Year Plan.,2024-10-10,https://finnhub.io/api/news?id=f686835886ead4d0ee3a9ad01fb55a93aa7640f4067f425367bd4ecd5f6b051a,**apple ceo tim cook just sold 50 million of stock it part of a twoyear plan**,0,0.0,Neutral
"Apple Stock Downgraded, Needs Time To 'Ripen'",2024-10-10,https://finnhub.io/api/news?id=96bd1a324aa15f1b2ef49b0305ff43e668dc01f32606277321567aef67391160,**apple stock downgraded need time to ripen**,0,0.0,Neutral
Wall Street Lunch: Tug-Of-War For Fed With CPI Vs. Claims,2024-10-10,https://finnhub.io/api/news?id=065f61b56c7cd2452ee94d36445fb84bc147bde2daab0731f164ab92dd2e166c,**wall street lunch tugofwar for fed with cpi v claim**,0,0.0,Neutral
"How To Allocate $100,000 In A Dividend Portfolio: Enhancing VYM With Strategic Picks",2024-10-10,https://finnhub.io/api/news?id=fbdc4d01c4769bdd6711386dcfbcbbb9e89185c102030bd6cc65d1f1e8f7bc09,**how to allocate 100000 in a dividend portfolio enhancing vym with strategic pick**,0,0.0,Neutral
SP500: All-Time Highs With VIX Above 20 Spells Trouble,2024-10-10,https://finnhub.io/api/news?id=d7a7780eab01a2bdfad95e5a9c1ad5e5352ed9cd6547bf6225b869f5b0f956b6,**sp500 alltime high with vix above 20 spell trouble**,0,-0.4019,Negative
Amazon to Offer Apple TV+ on its Prime Video Streaming in the U.S.,2024-10-10,https://finnhub.io/api/news?id=f1b073a21ffb2af81a0688335b7df2bd4b6d89d6c86a063d3685d8e9048da579,**amazon to offer apple tv on it prime video streaming in the u**,0,0.1779,Positive
AMZN to Add AAPL's Apple TV+ to Its Channel Store,2024-10-10,https://finnhub.io/api/news?id=d99bd5002d5979c22f528a2aa03fbf18ea7d63051503398e69ae274f657629cd,**amzn to add aapls apple tv to it channel store**,0,0.0,Neutral
Apple (NASDAQ:AAPL) CEO Tim Cook Sells  Company Stock,2024-10-10,https://finnhub.io/api/news?id=fc129279ee5a0730493f43a198b03eefb3c556e592be5de3cb92d9b5109dc820,**apple nasdaqaapl ceo tim cook sell company stock**,0,0.0,Neutral
Here's what Wall St. experts are saying about these banks ahead of earnings,2024-10-10,https://finnhub.io/api/news?id=e0ad2accdb225dc80768dbfcb9b4ac06738c35d71a0e2fd7e5cc82fc990238bd,**here what wall st expert are saying about these bank ahead of earnings**,0,0.0,Neutral
Apple : debuts the first scripted film captured in Apple Immersive Video,2024-10-10,https://finnhub.io/api/news?id=61fa4c48af4f63ba669d2ac86cae258e1cb660f7bc47c8aa6a7941f87d025554,**apple debut the first scripted film captured in apple immersive video**,0,0.0,Neutral
"Tesla Pulls An Apple, Drops The Charging Port Before Cupertino Could Remove It From The iPhone",2024-10-10,https://finnhub.io/api/news?id=713f41616c74a6077ddd908934477170dfd195ddbf7ae57a237432248dacc2a6,**tesla pull an apple drop the charging port before cupertino could remove it from the iphone**,1,-0.2732,Negative
Taiwan Semiconductor Vs. Broadcom: Who Will Be The Next Trillion-Dollar AI Giant?,2024-10-10,https://finnhub.io/api/news?id=bf1033fcc3deb74ba6ac76c41f0993b18ec19b1ecca448c78395a4047dfb5680,**taiwan semiconductor v broadcom who will be the next trilliondollar ai giant**,0,0.0,Neutral
Single stock options liquidity is still extremely elevated for mega-caps vs. rest of market,2024-10-10,https://finnhub.io/api/news?id=6f6b83a592eb4c3fbae0212d0c304526f7f2d57b5038cc9a9a9be3ca2664b64e,**single stock option liquidity is still extremely elevated for megacaps v rest of market**,1,0.0,Neutral
Hotter Inflation But Jobless Claims Cushion The Blow – Selling In Nvidia And AI Stocks,2024-10-10,https://finnhub.io/api/news?id=3708d94f00fc5711561d8be5203347605915b949357c5153c6282d8de3775bc3,**hotter inflation but jobless claim cushion the blow selling in nvidia and ai stock**,2,0.0,Neutral
Bank of Nova Scotia's Strategic Acquisition in Open Text Corp,2024-10-10,https://finnhub.io/api/news?id=47e6243e0c64fba4edef58048097f20d490d823451178812951d342a563a057d,**bank of nova scotias strategic acquisition in open text corp**,0,0.0,Neutral
Analysis of BANK OF NOVA SCOTIA's Strategic Acquisition in Open Text Corp,2024-10-10,https://finnhub.io/api/news?id=419f09a340a2d5a82db0dea97a2c218b67b7c61647ee99aef12a7ae9336d5208,**analysis of bank of nova scotias strategic acquisition in open text corp**,0,0.0,Neutral
ClearBridge Appreciation Strategy Q3 2024 Commentary,2024-10-10,https://finnhub.io/api/news?id=ee1fd3465c95f1ba5f3a01eacefd0073c246add03a0e859b25feaee110eca4b4,**clearbridge appreciation strategy q3 2024 commentary**,0,0.5106,Positive
Significant Acquisition by BANK OF NOVA SCOTIA in Gildan Activewear Inc,2024-10-10,https://finnhub.io/api/news?id=c2ece1ed5ed9c0b38862af4220e61b24a879ea0bd8f000cabde9857b58ed11ee,**significant acquisition by bank of nova scotia in gildan activewear inc**,0,0.2023,Positive
Bank of Nova Scotia's Strategic Acquisition of Captivision Inc Shares,2024-10-10,https://finnhub.io/api/news?id=346b3bf4314fd49323c41d3d6380ce96856767c8b7785a0ef5c317dbe80d9493,**bank of nova scotias strategic acquisition of captivision inc share**,0,0.296,Positive
BANK OF NOVA SCOTIA's Strategic Acquisition in Gildan Activewear Inc,2024-10-10,https://finnhub.io/api/news?id=9499f9716f77e5194b739ef4ee8509e77c9275b978cfa1ba03fc794ffa8c787c,**bank of nova scotias strategic acquisition in gildan activewear inc**,0,0.0,Neutral
Bank of Nova Scotia's Strategic Acquisition in Enerflex Ltd,2024-10-10,https://finnhub.io/api/news?id=877c089aca2a1e9893331646f666d19b23220717e6d80c345cc545f744049997,**bank of nova scotias strategic acquisition in enerflex ltd**,0,0.0,Neutral
Bank of Nova Scotia's Strategic Acquisition of Enerflex Ltd Shares,2024-10-10,https://finnhub.io/api/news?id=3ec3848afd5aa36d8b46f7782bd688faf37f5ee502c79796120478c9fd3ec21a,**bank of nova scotias strategic acquisition of enerflex ltd share**,0,0.296,Positive
Analysis of BANK OF NOVA SCOTIA's Strategic Acquisition in Elbit Systems Ltd,2024-10-10,https://finnhub.io/api/news?id=6ec7b8013f5b74a32515a550d5bc7474e8961556788cadec41867f837d7b7d4a,**analysis of bank of nova scotias strategic acquisition in elbit system ltd**,0,0.0,Neutral
Bank of Nova Scotia's Strategic Acquisition in Bridge Investment Group Holdings Inc,2024-10-10,https://finnhub.io/api/news?id=70f913156acf615eed861c2a1f0d8a51f0dbc53df2acbaef71b6fc88b868f145,**bank of nova scotias strategic acquisition in bridge investment group holding inc**,0,0.0,Neutral
BANK OF NOVA SCOTIA Expands Stake in The Descartes Systems Group Inc,2024-10-10,https://finnhub.io/api/news?id=c02a5ea07e2e14ffea8b0ee0a84bc6bfadda59df055db799a5bc7f33a65ab292,**bank of nova scotia expands stake in the descartes system group inc**,0,0.1027,Positive
BANK OF NOVA SCOTIA's Strategic Acquisition in The Descartes Systems Group Inc,2024-10-10,https://finnhub.io/api/news?id=d3c19b13d21c93701990083288926d1eec0ecf439239f25fe8d6a941cccde07c,**bank of nova scotias strategic acquisition in the descartes system group inc**,0,0.0,Neutral
BANK OF NOVA SCOTIA's Strategic Acquisition in Colliers International Group Inc,2024-10-10,https://finnhub.io/api/news?id=7675d98f0f5b24d0f12bb74168fe9bfcc4b6b9ad005736e8c43948a3aef09151,**bank of nova scotias strategic acquisition in collier international group inc**,0,0.0,Neutral
Bank of Nova Scotia's Strategic Acquisition of CAE Inc Shares,2024-10-10,https://finnhub.io/api/news?id=f65589108971b6cbf72a9f682d70fe05bb83e84eea5a71adfe12fb24ad3c5cf5,**bank of nova scotias strategic acquisition of cae inc share**,0,0.296,Positive
Tim Cook Says 'Hearts Go Out' To Those Impacted By Devastation Left Behind By Hurricane Milton: Apple Will Make A Donation For 'Relief Efforts On The Ground',2024-10-10,https://finnhub.io/api/news?id=45ecb35f2d05cbce839c327ad2a4c1c38583454c651d995f367e5bcc946da982,**tim cook say heart go out to those impacted by devastation left behind by hurricane milton apple will make a donation for relief effort on the ground**,0,0.0772,Positive
November 29th Options Now Available For Apple (AAPL),2024-10-10,https://finnhub.io/api/news?id=d29a73d91a35791d5b5725ae0f20a9ff7463a935e9d1cb77558452efff974938,**november 29th option now available for apple aapl**,0,0.0,Neutral
"Market Clubhouse Morning Memo - October 10th, 2024 (Trade Strategy For SPY, QQQ, AAPL, MSFT, NVDA, GOOGL, META And TSLA)",2024-10-10,https://finnhub.io/api/news?id=9a6b2a476ae32e238b41b83f2d31968b8cd90420dbcc93a40b0c489aed364d34,**market clubhouse morning memo october 10th 2024 trade strategy for spy qqq aapl msft nvda googl meta and tsla**,1,0.0,Neutral
Taiwan says four Foxconn employees detained in China,2024-10-10,https://finnhub.io/api/news?id=68c1499a60ea7da7e0cdb468f523732479285617fa02383650473386d1bd1d90,**taiwan say four foxconn employee detained in china**,0,-0.4019,Negative
"Google Teams Up With Sequoia Capital to Offer $500,000 in Cloud Credits for AI Startups",2024-10-10,https://finnhub.io/api/news?id=805adadcbd349a76a79f70b32934a9176b82e15de13a307eac465f4f45170b63,**google team up with sequoia capital to offer 500000 in cloud credit for ai startup**,0,0.3818,Positive
iPhone 16 Pro Meets Sales Expectations as Base Models Face Softer Demand,2024-10-10,https://finnhub.io/api/news?id=1ea9381752299723b589150be3d9ec3c13e4b295829faee855f09dd43cbf23eb,**iphone 16 pro meet sale expectation a base model face softer demand**,0,-0.128,Negative
"Apple TV+ Joins Prime Video as Add-on, Expanding Streaming Reach",2024-10-10,https://finnhub.io/api/news?id=d37862f2ac9f372def562d400f8865faa5c91eb2f9774f1b396fe993e25e2b94,**apple tv join prime video a addon expanding streaming reach**,0,0.3182,Positive
China arrests four Taiwanese workers at Foxconn Apple plant: report,2024-10-10,https://finnhub.io/api/news?id=49438aea25074ceb5d72018486f0c3b3ea5efb5445e2ab004446c0778f0c633a,**china arrest four taiwanese worker at foxconn apple plant report**,0,-0.34,Negative
"Nike upgraded, PayPal downgraded: Wall Street's top analyst calls",2024-10-10,https://finnhub.io/api/news?id=55413867bbdbbb39e10743fee7969ab3c7d5a3626fa6799c1db61c90a5f0a800,**nike upgraded paypal downgraded wall street top analyst call**,0,0.2023,Positive
"6 stocks to watch on Thursday: DPZ, PFE, AMZN, AAPL and more",2024-10-10,https://finnhub.io/api/news?id=355229c5568165c72ab8bb9aee2a4f942e08674f3298e5fcaecbf50c11e5d53d,**6 stock to watch on thursday dpz pfe amzn aapl and more**,2,0.0,Neutral
FELG: Honest Growth ETF With No Edge Over Competitors,2024-10-10,https://finnhub.io/api/news?id=6ee1643faf065d7c77cf14d2f5500e7e0d6bc57a50f17ca53ae25d79d4ed74e8,**felg honest growth etf with no edge over competitor**,1,0.5719,Positive
"Morning Brew: Inflation Stalls, PayPal Downgrade, and Delta's Revenue Miss",2024-10-10,https://finnhub.io/api/news?id=bda233d57efe65f61a7f55fcbd59cf4455a56549b668116a38f9dd62f3bfe252,**morning brew inflation stall paypal downgrade and delta revenue miss**,1,-0.34,Negative
Amazon Adds Apple TV + to Its US Channels Store,2024-10-10,https://finnhub.io/api/news?id=ea596374cae62028f567c185a2038b3b04835edc9a9f2fd0d844a25db6fc590f,**amazon add apple tv to it u channel store**,0,0.1779,Positive
Here's What Experts Are Saying About These Banks Ahead Of Earnings,2024-10-10,https://finnhub.io/api/news?id=84d70e0c4b9191069705a086ebe942795a723b4cb1fdff4f3be6d6266a42b2fe,**here what expert are saying about these bank ahead of earnings**,0,0.0,Neutral
'Can't Believe It:' Popular YouTuber Shares How Apple Watch Series 10 Detected Atrial Fibrillation And Saved His Grandmother,2024-10-10,https://finnhub.io/api/news?id=3fbf0948976127ec271d97586f528fddbdab35a494a879334748e54d3d1e8020,**cant believe it popular youtuber share how apple watch series 10 detected atrial fibrillation and saved his grandmother**,1,0.3956,Positive
Cloud Software Firms Focus on Revenue in Management Incentives,2024-10-10,https://finnhub.io/api/news?id=76aa1c79ad6a0b71683e8bf63812c98b5d71010213f61b7fe4baea6cf6d929bc,**cloud software firm focus on revenue in management incentive**,0,0.3612,Positive
Bank of Nova Scotia's Strategic Reduction in Manulife Financial Corp Holdings,2024-10-10,https://finnhub.io/api/news?id=d3e98b53966ca516c0ec0903efdff65a1c88fad4904099b169d7977db8e528db,**bank of nova scotias strategic reduction in manulife financial corp holding**,0,0.0,Neutral
Bank of Nova Scotia's Strategic Acquisition in Manulife Financial Corp,2024-10-10,https://finnhub.io/api/news?id=d985f6e46661d40e59aea7b23935b343c62d02a747da3a2ef9acda7e2323affd,**bank of nova scotias strategic acquisition in manulife financial corp**,0,0.0,Neutral
"S&P Settles At Record High As Apple, Amazon Shares Surge: Investor Optimism Improves Ahead Of Inflation Data",2024-10-10,https://finnhub.io/api/news?id=9ea8d6df61594faa14fe7b4b831256860b94f78a4312675ba46851e59685f18c,**sp settle at record high a apple amazon share surge investor optimism improves ahead of inflation data**,0,0.8481,Positive
Apple TV+ joins hands with Amazon's Prime Video to expand reach,2024-10-10,https://finnhub.io/api/news?id=97e28c5897d8a54d53b9b24f90f2937be9fff3049a4b521befd921722cc62f6b,**apple tv join hand with amazon prime video to expand reach**,0,0.8176,Positive
3 Talking Points on Why TSMC Deserves Investors’ Full Attention,2024-10-10,https://finnhub.io/api/news?id=0d9bcd66bbc2b590926243f607814f4e8a323aa720fdb929cc66407949cacc02,**3 talking point on why tsmc deserves investor full attention**,0,0.0,Neutral
BANK OF NOVA SCOTIA's Strategic Acquisition in Fairfax Financial Holdings Ltd,2024-10-10,https://finnhub.io/api/news?id=c2a663a66e0fbded744d291ba147ceed0f12c51380a5f11d23f3c176f121ee21,**bank of nova scotias strategic acquisition in fairfax financial holding ltd**,0,0.0,Neutral
Bank of Nova Scotia's Strategic Acquisition of Fairfax Financial Holdings Shares,2024-10-10,https://finnhub.io/api/news?id=5a6877c2c9f99b0ebe7395317f8d1e45f03781eac247166f29ed898145fae589,**bank of nova scotias strategic acquisition of fairfax financial holding share**,0,0.296,Positive
JPMorgan Chase & Co's Strategic Acquisition in Microchip Technology Inc,2024-10-10,https://finnhub.io/api/news?id=2641903ff88772c8cc7c37fc2ad740f5d9ba2122e95bdefb8a7b0896f5915f60,**jpmorgan chase co strategic acquisition in microchip technology inc**,0,0.0,Neutral
JPMorgan Chase & Co.'s Strategic Acquisition of Otis Worldwide Corp Shares,2024-10-10,https://finnhub.io/api/news?id=18bede15727af4ff736b0dd0dee239c9ad8513244975bb010567bda95cd38cd3,**jpmorgan chase co strategic acquisition of otis worldwide corp share**,0,0.296,Positive
JPMorgan Chase & Co's Strategic Acquisition of Shares in Quanta Services Inc,2024-10-10,https://finnhub.io/api/news?id=5d571ac6a65e3979b5c2502ea860f3921340771c81bbb7e23abb48679b5572c0,**jpmorgan chase co strategic acquisition of share in quantum service inc**,0,0.296,Positive
Amazon adds Apple TV+ to its Prime Video streaming service in US,2024-10-09,https://finnhub.io/api/news?id=edd9a2d135ce0a1039d47416a2a199168bb65a80400e1fde8950c7b0aa25e751,**amazon add apple tv to it prime video streaming service in u**,0,0.1779,Positive
"Apple’s Dan Riccio, Key Executive in Both the Jobs and Cook Eras, to Retire",2024-10-09,https://finnhub.io/api/news?id=a8c48fcccabbb6b167504676656d41bbf17f02a51383184b2644aa395283664a,**apple dan riccio key executive in both the job and cook era to retire**,1,0.0,Neutral
Is Apple Inc. (AAPL) the Best AI Data Center Stock to Buy Now?,2024-10-09,https://finnhub.io/api/news?id=f2c892d026aa0451f340b2aad0c26598cc818f4f6a250707dac58b435a0ba462,**is apple inc aapl the best ai data center stock to buy now**,1,0.6369,Positive
Microsoft Stock Is Way Too Expensive Given These Risks Piling Up,2024-10-09,https://finnhub.io/api/news?id=b8399989ec4ff6b066d484b24f1704e7ff636b0212ad65eaf2907edb505f7719,**microsoft stock is way too expensive given these risk piling up**,0,-0.2732,Negative
Is The iPhone Losing Its Buzz Among Teens? Piper Sandler Finds Out,2024-10-09,https://finnhub.io/api/news?id=5ddfd2d86665c1a75e993b97a8bbf89e989d29e50d20b9917cdc8f6b5299f62e,**is the iphone losing it buzz among teen piper sandler find out**,0,-0.3818,Negative
Heard on the Street: AI Isn't Selling PCs Yet,2024-10-09,https://finnhub.io/api/news?id=e5fc858f4d4d3e3b12d80e29200aac65c94d4fb51bcca9dc247338781b484cfa,**heard on the street ai isnt selling pc yet**,1,0.0,Neutral
MMTM: A Watered-Down Momentum ETF,2024-10-09,https://finnhub.io/api/news?id=ac70abf2b5fdb5069e8abfece6293dbc09fb1f22dd4137db9c254454b986a36d,**mmtm a watereddown momentum etf**,0,0.0,Neutral
Wall Street Lunch: With Low AI Costs Comes Reason,2024-10-09,https://finnhub.io/api/news?id=a0902dd9c2cec33a2bf15174babb7828aba856f2f1c67fce40d14e4b2f54c273,**wall street lunch with low ai cost come reason**,0,-0.2732,Negative
"Apple, Nvidia Supplier TSMC Reports Third Quarter Sales Above Wall Street Estimates",2024-10-09,https://finnhub.io/api/news?id=243257629e593ae52cab72c236fa9294cf8e67a97d0fd161617815dc06b5ff40,**apple nvidia supplier tsmc report third quarter sale above wall street estimate**,0,0.0,Neutral
"Apple iPhone 16 May Be a Want, Not a Need, for Teens, Survey Shows",2024-10-09,https://finnhub.io/api/news?id=6e1ae525a786dfb280689c6757fed1e2dde758a5021848d288d03ccf61512915,**apple iphone 16 may be a want not a need for teen survey show**,2,0.0772,Positive
Analyst: Apple (AAPL) iPhone 16 Holiday Sales Hopes At Risk Amid ‘Disappointing Sell-Throughs’,2024-10-09,https://finnhub.io/api/news?id=476a5f0ef2ec8b30585856b7c36b2d34724fa17f694da38f3b938e073bbdfd44,**analyst apple aapl iphone 16 holiday sale hope at risk amid disappointing sellthroughs**,0,0.0772,Positive
Qualcomm’s Apple Threat Explains Interest In Intel,2024-10-09,https://finnhub.io/api/news?id=394ce296b91e4b455f92b56e783f42174bbdd720b45546736779a3e9ae2528e4,**qualcomms apple threat explains interest in intel**,0,-0.1027,Negative
"New Buy Rating for Apple (AAPL), the Technology Giant",2024-10-09,https://finnhub.io/api/news?id=2466597e4d5db510a0ad5c43699057c6678a0389e22b1f634ef301cb1b40f3be,**new buy rating for apple aapl the technology giant**,0,0.0,Neutral
Snowflake tops cloud software cos. focused on revenue KPIs: Baird,2024-10-09,https://finnhub.io/api/news?id=3993e30e1163b3a548235f66975e51e3afadd84653e915eea6edab810c6072e2,**snowflake top cloud software co focused on revenue kpis baird**,0,0.5267,Positive
DOJ’s Google breakup remedy puts tech world on notice,2024-10-09,https://finnhub.io/api/news?id=1873c2d2da9e777d5178674710c12b46cc6be665e8b457c983f3738fdbcc8934,**doj google breakup remedy put tech world on notice**,0,0.0,Neutral
10 Information Technology Stocks With Whale Alerts In Today's Session,2024-10-09,https://finnhub.io/api/news?id=3f635c9b324ea590591455130e4bbf5d0833c448bad7c4fed6b961024cb87693,**10 information technology stock with whale alert in today session**,0,0.296,Positive
Apple’s (NASDAQ:AAPL) iPhone 16 Lineup Is Seeing Mixed Results So Far,2024-10-09,https://finnhub.io/api/news?id=7bd0d40ad9158f38ff9dceda75144a151fe5818495494ce52b3a1587aaa248fa,**apple nasdaqaapl iphone 16 lineup is seeing mixed result so far**,0,0.0,Neutral
Billionaires Are Deciding to Sell Shares of This Well-Known Stock,2024-10-09,https://finnhub.io/api/news?id=495dfc69570664065794921fd1ca8a2e32297e2b1c32dec3ef6b63e68a08959b,**billionaire are deciding to sell share of this wellknown stock**,0,0.296,Positive
Apple TV+ Coming To Amazon Prime Video This Month: What You Need To Know About the $9.99 Add-On,2024-10-09,https://finnhub.io/api/news?id=fa3f18a76e58a1f71956c46160fad2429a3f006cde76650a4a79bfb14861fdfd,**apple tv coming to amazon prime video this month what you need to know about the 999 addon**,0,0.1779,Positive
"Shares of SoundHound AI, C3.ai, and Upstart Plummeted by More Than 70%. Here's a Safer Way to Invest In Artificial Intelligence (AI) Stocks.",2024-10-09,https://finnhub.io/api/news?id=5fe6e975a459403c73125f6c2e1b325befca2002bbcb808b157bdd24bafa50a1,**share of soundhound ai c3ai and upstart plummeted by more than 70 here a safer way to invest in artificial intelligence ai stock**,2,0.7964,Positive
Google Faces Antitrust Challenges with Potential Business Model Changes,2024-10-09,https://finnhub.io/api/news?id=54e60c6f4bed96664af2ab8d0346895c5a9a5f414679b0cbaed14be3ccc14914,**google face antitrust challenge with potential business model change**,0,0.0772,Positive
"Apple Executive Dan Riccio to Depart, Vision Pro Project Shifts Leadership",2024-10-09,https://finnhub.io/api/news?id=66fc9dc8059affb3b2904a264005911d41042268c3a6311ccb201372489c7301,**apple executive dan riccio to depart vision pro project shift leadership**,0,0.25,Positive
Apple's iPhone 16 Pro series meet expectations amid 'lackluster' demand for base models,2024-10-09,https://finnhub.io/api/news?id=d0913639802ee76815e834031ca7b839bb7de96bbceb305c7ceecd1ae58c673d,**apple iphone 16 pro series meet expectation amid lackluster demand for base model**,0,-0.128,Negative
"Google Breakup On The Table, Nvidia AI Summit Moves The Stock But Resistance Ahead",2024-10-09,https://finnhub.io/api/news?id=a781c930a320263f8c2cfac0284fd7f2e947b429c193a836ee6e1ed7b1343eb2,**google breakup on the table nvidia ai summit move the stock but resistance ahead**,1,0.0,Neutral
Behind the Scenes of Apple's Latest Options Trends,2024-10-09,https://finnhub.io/api/news?id=e4376f40976350808af975ee23b18002885b52e2798fd339317ff8cf4adedc4c,**behind the scene of apple latest option trend**,0,0.0,Neutral
"Market Clubhouse Morning Memo - October 9th, 2024 (Trade Strategy For SPY, QQQ, AAPL, MSFT, NVDA, GOOGL, META And TSLA)",2024-10-09,https://finnhub.io/api/news?id=08d833378db58607a1f7e8469e50e4541e22274f6df3fcb51949ec76c74fd2e1,**market clubhouse morning memo october 9th 2024 trade strategy for spy qqq aapl msft nvda googl meta and tsla**,1,0.0,Neutral
Apple (AAPL) Faces Lower iPhone 16 Pre-Orders Amid High AI Expectations,2024-10-09,https://finnhub.io/api/news?id=b5d260975ba504c88bbd7fb65070505caed63e62607f21308bdc8262cb7c80b3,**apple aapl face lower iphone 16 preorders amid high ai expectation**,0,-0.296,Negative
67% of Warren Buffett's $315 Billion Portfolio Is Invested in These 5 Unstoppable Stocks,2024-10-09,https://finnhub.io/api/news?id=06dcad0b158cd4d4f73e6b45f158fbde8f93b39ea12a7fe3e9a893cee6661a23,**67 of warren buffetts 315 billion portfolio is invested in these 5 unstoppable stock**,0,-0.2023,Negative
Google enters cloud partnership with Sequoia Capital: report,2024-10-09,https://finnhub.io/api/news?id=9020a0b46c70b9a47196d40f7c8e96eacfe3371bc3ddb233e457a654679197fe,**google enters cloud partnership with sequoia capital report**,0,0.0,Neutral
38.3% of Warren Buffett's $315 Billion Portfolio Is Invested in 3 Artificial Intelligence (AI) Stocks,2024-10-09,https://finnhub.io/api/news?id=60e6e613938e101b695db196787b900a18377426778deeb656bdb3fc5d2c60b1,**383 of warren buffetts 315 billion portfolio is invested in 3 artificial intelligence ai stock**,0,0.4767,Positive
TSMC Sales Beat Estimates in Sign of Solid AI Chip Demand,2024-10-09,https://finnhub.io/api/news?id=6ebbc5d4a49762891568fccfd8f024d5faa7117ffa714606baf29d2900ab6c09,**tsmc sale beat estimate in sign of solid ai chip demand**,0,0.0258,Neutral
"Satellites bypassing towers in Mexico, going direct to users, says Scotiabank",2024-10-09,https://finnhub.io/api/news?id=697f82dafe36466514449124bb29076ef6fb7e3d633304329bac3a60ef382148,**satellite bypassing tower in mexico going direct to user say scotiabank**,0,0.0,Neutral
Morning Brew: TSMC's Revenue Surge and DOJ Eyes Google Breakup,2024-10-09,https://finnhub.io/api/news?id=78818e5fb601e8c1dfe5c022a3f39a01d6b94c45f64befd62443b8e98f2aaf90,**morning brew tsmcs revenue surge and doj eye google breakup**,1,0.0,Neutral
